hostname,os,environment,country,node
SPESP384,Solaris,Production,Spain,384
STGER074,Solaris,Testing,Germany,74
LTIRL511,Linux,Testing,Ireland,511
SDITA720,Solaris,Development,Italy,720
SSITA754,Solaris,Staging,Italy,754
LTIRL678,Linux,Testing,Ireland,678
STGER581,Solaris,Testing,Germany,581
LPNOR664,Linux,Production,Norway,664
ASITA388,AIX,Staging,Italy,388
SDGER311,Solaris,Development,Germany,311
HTGER252,HP-UX,Testing,Germany,252
LSFRA699,Linux,Staging,France,699
APIRL779,AIX,Production,Ireland,779
SPNOR002,Solaris,Production,Norway,2
LDGER685,Linux,Development,Germany,685
SIIRL973,Solaris,Integration,Ireland,973
SDNOR190,Solaris,Development,Norway,190
LDGER834,Linux,Development,Germany,834
LPIRL578,Linux,Production,Ireland,578
SIESP473,Solaris,Integration,Spain,473
HDFRA868,HP-UX,Development,France,868
STGER367,Solaris,Testing,Germany,367
AIIRL877,AIX,Integration,Ireland,877
LPFRA488,Linux,Production,France,488
LSESP031,Linux,Staging,Spain,31
LSITA436,Linux,Staging,Italy,436
SDNOR918,Solaris,Development,Norway,918
LPIRL177,Linux,Production,Ireland,177
LIIRL232,Linux,Integration,Ireland,232
LSITA387,Linux,Staging,Italy,387
ASFRA959,AIX,Staging,France,959
SPGER574,Solaris,Production,Germany,574
LSFRA738,Linux,Staging,France,738
APIRL930,AIX,Production,Ireland,930
SPESP596,Solaris,Production,Spain,596
LSNOR420,Linux,Staging,Norway,420
SPIRL622,Solaris,Production,Ireland,622
LTITA665,Linux,Testing,Italy,665
LSFRA730,Linux,Staging,France,730
LTIRL440,Linux,Testing,Ireland,440
APIRL997,AIX,Production,Ireland,997
ATIRL556,AIX,Testing,Ireland,556
LTITA779,Linux,Testing,Italy,779
SPESP695,Solaris,Production,Spain,695
SPIRL867,Solaris,Production,Ireland,867
ADNOR146,AIX,Development,Norway,146
LPGER534,Linux,Production,Germany,534
ATIRL771,AIX,Testing,Ireland,771
ADESP438,AIX,Development,Spain,438
ADIRL278,AIX,Development,Ireland,278
LPGER143,Linux,Production,Germany,143
LTESP593,Linux,Testing,Spain,593
SIIRL746,Solaris,Integration,Ireland,746
ATGER752,AIX,Testing,Germany,752
HSGER654,HP-UX,Staging,Germany,654
ATIRL978,AIX,Testing,Ireland,978
ATIRL300,AIX,Testing,Ireland,300
LPITA638,Linux,Production,Italy,638
HSGER434,HP-UX,Staging,Germany,434
APITA295,AIX,Production,Italy,295
LSIRL368,Linux,Staging,Ireland,368
LIGER320,Linux,Integration,Germany,320
HTNOR203,HP-UX,Testing,Norway,203
ATITA593,AIX,Testing,Italy,593
AIESP669,AIX,Integration,Spain,669
ATGER370,AIX,Testing,Germany,370
LTFRA857,Linux,Testing,France,857
SSGER913,Solaris,Staging,Germany,913
LPIRL249,Linux,Production,Ireland,249
STIRL374,Solaris,Testing,Ireland,374
SSFRA417,Solaris,Staging,France,417
LDIRL532,Linux,Development,Ireland,532
HSESP128,HP-UX,Staging,Spain,128
SPITA375,Solaris,Production,Italy,375
LTITA657,Linux,Testing,Italy,657
HSGER695,HP-UX,Staging,Germany,695
SSGER219,Solaris,Staging,Germany,219
LPGER530,Linux,Production,Germany,530
SPIRL040,Solaris,Production,Ireland,40
HSIRL908,HP-UX,Staging,Ireland,908
LTITA934,Linux,Testing,Italy,934
SSGER224,Solaris,Staging,Germany,224
LPGER442,Linux,Production,Germany,442
LDITA940,Linux,Development,Italy,940
LTIRL143,Linux,Testing,Ireland,143
HTGER348,HP-UX,Testing,Germany,348
SSIRL316,Solaris,Staging,Ireland,316
SPNOR437,Solaris,Production,Norway,437
LPIRL252,Linux,Production,Ireland,252
SDGER386,Solaris,Development,Germany,386
ATNOR595,AIX,Testing,Norway,595
SDESP002,Solaris,Development,Spain,2
SPGER876,Solaris,Production,Germany,876
LPITA551,Linux,Production,Italy,551
LTIRL644,Linux,Testing,Ireland,644
HSESP989,HP-UX,Staging,Spain,989
HTGER046,HP-UX,Testing,Germany,46
LSGER674,Linux,Staging,Germany,674
STITA737,Solaris,Testing,Italy,737
STIRL303,Solaris,Testing,Ireland,303
LPITA645,Linux,Production,Italy,645
AIGER055,AIX,Integration,Germany,55
SPIRL930,Solaris,Production,Ireland,930
ATGER060,AIX,Testing,Germany,60
AIESP288,AIX,Integration,Spain,288
LTFRA261,Linux,Testing,France,261
LIGER751,Linux,Integration,Germany,751
SPFRA408,Solaris,Production,France,408
APFRA723,AIX,Production,France,723
ATITA741,AIX,Testing,Italy,741
LDESP835,Linux,Development,Spain,835
SSGER289,Solaris,Staging,Germany,289
LSIRL152,Linux,Staging,Ireland,152
LPIRL541,Linux,Production,Ireland,541
HTGER619,HP-UX,Testing,Germany,619
LSITA646,Linux,Staging,Italy,646
SSITA908,Solaris,Staging,Italy,908
AIIRL802,AIX,Integration,Ireland,802
LSIRL014,Linux,Staging,Ireland,14
SPIRL916,Solaris,Production,Ireland,916
LDITA837,Linux,Development,Italy,837
LPGER151,Linux,Production,Germany,151
LIGER936,Linux,Integration,Germany,936
STESP480,Solaris,Testing,Spain,480
LSESP743,Linux,Staging,Spain,743
SSGER486,Solaris,Staging,Germany,486
APIRL924,AIX,Production,Ireland,924
LPITA540,Linux,Production,Italy,540
LPNOR001,Linux,Production,Norway,1
ATIRL338,AIX,Testing,Ireland,338
APIRL134,AIX,Production,Ireland,134
LDESP823,Linux,Development,Spain,823
SPIRL119,Solaris,Production,Ireland,119
APNOR840,AIX,Production,Norway,840
APFRA761,AIX,Production,France,761
LSITA223,Linux,Staging,Italy,223
ASNOR638,AIX,Staging,Norway,638
SPIRL678,Solaris,Production,Ireland,678
HSITA518,HP-UX,Staging,Italy,518
APNOR351,AIX,Production,Norway,351
SDESP199,Solaris,Development,Spain,199
LPIRL782,Linux,Production,Ireland,782
AIIRL511,AIX,Integration,Ireland,511
LDFRA893,Linux,Development,France,893
SDFRA987,Solaris,Development,France,987
APIRL505,AIX,Production,Ireland,505
APIRL279,AIX,Production,Ireland,279
HTGER009,HP-UX,Testing,Germany,9
LPGER712,Linux,Production,Germany,712
LPGER757,Linux,Production,Germany,757
LPGER567,Linux,Production,Germany,567
ADIRL922,AIX,Development,Ireland,922
ATIRL308,AIX,Testing,Ireland,308
SPITA123,Solaris,Production,Italy,123
SPFRA195,Solaris,Production,France,195
SSNOR632,Solaris,Staging,Norway,632
AIFRA415,AIX,Integration,France,415
LSIRL990,Linux,Staging,Ireland,990
STNOR883,Solaris,Testing,Norway,883
LSITA687,Linux,Staging,Italy,687
APGER712,AIX,Production,Germany,712
LSGER100,Linux,Staging,Germany,100
LPIRL277,Linux,Production,Ireland,277
LIIRL481,Linux,Integration,Ireland,481
SSIRL566,Solaris,Staging,Ireland,566
LPGER933,Linux,Production,Germany,933
SPGER124,Solaris,Production,Germany,124
ASITA056,AIX,Staging,Italy,56
HPITA205,HP-UX,Production,Italy,205
SINOR973,Solaris,Integration,Norway,973
SIGER346,Solaris,Integration,Germany,346
HIITA619,HP-UX,Integration,Italy,619
HTIRL812,HP-UX,Testing,Ireland,812
LSITA672,Linux,Staging,Italy,672
LTGER507,Linux,Testing,Germany,507
SIGER548,Solaris,Integration,Germany,548
LSIRL563,Linux,Staging,Ireland,563
SIIRL343,Solaris,Integration,Ireland,343
LTGER926,Linux,Testing,Germany,926
APFRA202,AIX,Production,France,202
APIRL617,AIX,Production,Ireland,617
LIIRL606,Linux,Integration,Ireland,606
HDFRA282,HP-UX,Development,France,282
LTITA301,Linux,Testing,Italy,301
LDFRA128,Linux,Development,France,128
SDESP409,Solaris,Development,Spain,409
LIIRL254,Linux,Integration,Ireland,254
ATIRL540,AIX,Testing,Ireland,540
LSIRL393,Linux,Staging,Ireland,393
LTGER178,Linux,Testing,Germany,178
LIESP727,Linux,Integration,Spain,727
LINOR984,Linux,Integration,Norway,984
ATIRL034,AIX,Testing,Ireland,34
LTGER814,Linux,Testing,Germany,814
HTIRL576,HP-UX,Testing,Ireland,576
HPIRL877,HP-UX,Production,Ireland,877
LIIRL432,Linux,Integration,Ireland,432
ATESP595,AIX,Testing,Spain,595
APFRA451,AIX,Production,France,451
STESP227,Solaris,Testing,Spain,227
LPGER984,Linux,Production,Germany,984
SSIRL567,Solaris,Staging,Ireland,567
LPNOR965,Linux,Production,Norway,965
APIRL032,AIX,Production,Ireland,32
LTESP899,Linux,Testing,Spain,899
HDGER765,HP-UX,Development,Germany,765
APIRL062,AIX,Production,Ireland,62
LPGER183,Linux,Production,Germany,183
LIIRL503,Linux,Integration,Ireland,503
LDFRA762,Linux,Development,France,762
SPITA693,Solaris,Production,Italy,693
SPITA649,Solaris,Production,Italy,649
STITA853,Solaris,Testing,Italy,853
SPIRL821,Solaris,Production,Ireland,821
LDGER404,Linux,Development,Germany,404
LSIRL845,Linux,Staging,Ireland,845
ATESP128,AIX,Testing,Spain,128
ADGER839,AIX,Development,Germany,839
HPGER226,HP-UX,Production,Germany,226
LSIRL133,Linux,Staging,Ireland,133
SIIRL705,Solaris,Integration,Ireland,705
LPIRL820,Linux,Production,Ireland,820
AINOR986,AIX,Integration,Norway,986
LIIRL622,Linux,Integration,Ireland,622
HSNOR225,HP-UX,Staging,Norway,225
APIRL141,AIX,Production,Ireland,141
HTITA180,HP-UX,Testing,Italy,180
SDITA963,Solaris,Development,Italy,963
SPGER626,Solaris,Production,Germany,626
HTFRA479,HP-UX,Testing,France,479
LSIRL657,Linux,Staging,Ireland,657
ASIRL574,AIX,Staging,Ireland,574
SPESP101,Solaris,Production,Spain,101
LTGER301,Linux,Testing,Germany,301
LPIRL064,Linux,Production,Ireland,64
APITA054,AIX,Production,Italy,54
LPGER794,Linux,Production,Germany,794
SPIRL105,Solaris,Production,Ireland,105
HPIRL075,HP-UX,Production,Ireland,75
LPIRL120,Linux,Production,Ireland,120
ADESP714,AIX,Development,Spain,714
LSGER946,Linux,Staging,Germany,946
LPESP521,Linux,Production,Spain,521
SSFRA156,Solaris,Staging,France,156
SPGER212,Solaris,Production,Germany,212
ASIRL785,AIX,Staging,Ireland,785
LTGER371,Linux,Testing,Germany,371
APNOR863,AIX,Production,Norway,863
HPESP750,HP-UX,Production,Spain,750
SDESP786,Solaris,Development,Spain,786
STFRA784,Solaris,Testing,France,784
LSIRL714,Linux,Staging,Ireland,714
HPIRL345,HP-UX,Production,Ireland,345
HTESP435,HP-UX,Testing,Spain,435
SPITA541,Solaris,Production,Italy,541
ASESP507,AIX,Staging,Spain,507
STGER671,Solaris,Testing,Germany,671
ATITA881,AIX,Testing,Italy,881
SSIRL279,Solaris,Staging,Ireland,279
LPFRA879,Linux,Production,France,879
SPESP921,Solaris,Production,Spain,921
HTIRL896,HP-UX,Testing,Ireland,896
ASNOR681,AIX,Staging,Norway,681
LIGER338,Linux,Integration,Germany,338
LPITA687,Linux,Production,Italy,687
SSESP570,Solaris,Staging,Spain,570
LIFRA309,Linux,Integration,France,309
SDNOR708,Solaris,Development,Norway,708
SIESP353,Solaris,Integration,Spain,353
LPIRL740,Linux,Production,Ireland,740
STGER279,Solaris,Testing,Germany,279
STFRA387,Solaris,Testing,France,387
HTESP941,HP-UX,Testing,Spain,941
SSITA070,Solaris,Staging,Italy,70
ASFRA744,AIX,Staging,France,744
LPIRL168,Linux,Production,Ireland,168
LSGER424,Linux,Staging,Germany,424
HSGER293,HP-UX,Staging,Germany,293
ASIRL264,AIX,Staging,Ireland,264
SSGER623,Solaris,Staging,Germany,623
ATESP960,AIX,Testing,Spain,960
LPIRL632,Linux,Production,Ireland,632
SDIRL329,Solaris,Development,Ireland,329
HSITA807,HP-UX,Staging,Italy,807
SPIRL021,Solaris,Production,Ireland,21
SPGER348,Solaris,Production,Germany,348
SPGER106,Solaris,Production,Germany,106
SSGER331,Solaris,Staging,Germany,331
STITA327,Solaris,Testing,Italy,327
SSGER191,Solaris,Staging,Germany,191
SPGER663,Solaris,Production,Germany,663
SDESP885,Solaris,Development,Spain,885
ATIRL766,AIX,Testing,Ireland,766
LDIRL363,Linux,Development,Ireland,363
ADGER654,AIX,Development,Germany,654
ASIRL879,AIX,Staging,Ireland,879
LSGER138,Linux,Staging,Germany,138
SIIRL065,Solaris,Integration,Ireland,65
SSGER658,Solaris,Staging,Germany,658
SSGER707,Solaris,Staging,Germany,707
SIGER914,Solaris,Integration,Germany,914
LPESP446,Linux,Production,Spain,446
HDIRL718,HP-UX,Development,Ireland,718
SSGER756,Solaris,Staging,Germany,756
LTIRL079,Linux,Testing,Ireland,79
APGER452,AIX,Production,Germany,452
LTESP711,Linux,Testing,Spain,711
ATIRL706,AIX,Testing,Ireland,706
SIESP811,Solaris,Integration,Spain,811
APGER303,AIX,Production,Germany,303
ATIRL029,AIX,Testing,Ireland,29
STESP360,Solaris,Testing,Spain,360
LIITA658,Linux,Integration,Italy,658
LTESP497,Linux,Testing,Spain,497
ASITA052,AIX,Staging,Italy,52
HTESP618,HP-UX,Testing,Spain,618
LPNOR085,Linux,Production,Norway,85
SPGER086,Solaris,Production,Germany,86
STGER227,Solaris,Testing,Germany,227
LDIRL269,Linux,Development,Ireland,269
APFRA817,AIX,Production,France,817
LSNOR015,Linux,Staging,Norway,15
APGER792,AIX,Production,Germany,792
APESP791,AIX,Production,Spain,791
SDNOR311,Solaris,Development,Norway,311
HSGER857,HP-UX,Staging,Germany,857
HIIRL643,HP-UX,Integration,Ireland,643
SPITA857,Solaris,Production,Italy,857
LPITA080,Linux,Production,Italy,80
ASITA566,AIX,Staging,Italy,566
LPGER924,Linux,Production,Germany,924
LTESP228,Linux,Testing,Spain,228
LIIRL454,Linux,Integration,Ireland,454
SIGER995,Solaris,Integration,Germany,995
STESP046,Solaris,Testing,Spain,46
LSGER537,Linux,Staging,Germany,537
LPNOR638,Linux,Production,Norway,638
ASIRL980,AIX,Staging,Ireland,980
ASIRL530,AIX,Staging,Ireland,530
LTIRL892,Linux,Testing,Ireland,892
SPIRL111,Solaris,Production,Ireland,111
LIITA539,Linux,Integration,Italy,539
SSIRL640,Solaris,Staging,Ireland,640
LPIRL304,Linux,Production,Ireland,304
LTESP352,Linux,Testing,Spain,352
ATITA471,AIX,Testing,Italy,471
ATIRL422,AIX,Testing,Ireland,422
HPIRL381,HP-UX,Production,Ireland,381
HTFRA051,HP-UX,Testing,France,51
HSIRL278,HP-UX,Staging,Ireland,278
LSIRL310,Linux,Staging,Ireland,310
LTIRL313,Linux,Testing,Ireland,313
HIITA056,HP-UX,Integration,Italy,56
SSESP999,Solaris,Staging,Spain,999
SSITA278,Solaris,Staging,Italy,278
SDGER491,Solaris,Development,Germany,491
SSIRL106,Solaris,Staging,Ireland,106
HDIRL807,HP-UX,Development,Ireland,807
HSITA391,HP-UX,Staging,Italy,391
STGER967,Solaris,Testing,Germany,967
APNOR394,AIX,Production,Norway,394
SSFRA356,Solaris,Staging,France,356
LSITA190,Linux,Staging,Italy,190
HPIRL153,HP-UX,Production,Ireland,153
LSGER318,Linux,Staging,Germany,318
STIRL978,Solaris,Testing,Ireland,978
APNOR584,AIX,Production,Norway,584
STFRA594,Solaris,Testing,France,594
STESP835,Solaris,Testing,Spain,835
LDFRA265,Linux,Development,France,265
LSESP689,Linux,Staging,Spain,689
LTIRL509,Linux,Testing,Ireland,509
AIITA180,AIX,Integration,Italy,180
LDIRL095,Linux,Development,Ireland,95
AIGER983,AIX,Integration,Germany,983
STGER822,Solaris,Testing,Germany,822
AIESP440,AIX,Integration,Spain,440
LTGER501,Linux,Testing,Germany,501
ADFRA520,AIX,Development,France,520
STGER139,Solaris,Testing,Germany,139
HPIRL003,HP-UX,Production,Ireland,3
LIIRL468,Linux,Integration,Ireland,468
LPIRL177,Linux,Production,Ireland,177
SPIRL798,Solaris,Production,Ireland,798
LSIRL174,Linux,Staging,Ireland,174
LTIRL470,Linux,Testing,Ireland,470
LIIRL716,Linux,Integration,Ireland,716
ATGER807,AIX,Testing,Germany,807
LSIRL776,Linux,Staging,Ireland,776
ASGER788,AIX,Staging,Germany,788
SPIRL805,Solaris,Production,Ireland,805
LSIRL648,Linux,Staging,Ireland,648
LIGER363,Linux,Integration,Germany,363
AIFRA300,AIX,Integration,France,300
ATIRL144,AIX,Testing,Ireland,144
LSESP920,Linux,Staging,Spain,920
HPGER502,HP-UX,Production,Germany,502
APGER596,AIX,Production,Germany,596
HSESP022,HP-UX,Staging,Spain,22
LPIRL968,Linux,Production,Ireland,968
LTITA648,Linux,Testing,Italy,648
HIIRL043,HP-UX,Integration,Ireland,43
HTITA337,HP-UX,Testing,Italy,337
LSIRL713,Linux,Staging,Ireland,713
LSITA608,Linux,Staging,Italy,608
SPIRL100,Solaris,Production,Ireland,100
SPESP088,Solaris,Production,Spain,88
LPIRL348,Linux,Production,Ireland,348
LPESP344,Linux,Production,Spain,344
SPFRA166,Solaris,Production,France,166
LTITA116,Linux,Testing,Italy,116
APESP476,AIX,Production,Spain,476
LTGER290,Linux,Testing,Germany,290
APFRA293,AIX,Production,France,293
SSFRA599,Solaris,Staging,France,599
LTGER595,Linux,Testing,Germany,595
SDFRA642,Solaris,Development,France,642
LPIRL179,Linux,Production,Ireland,179
SPGER712,Solaris,Production,Germany,712
SPIRL846,Solaris,Production,Ireland,846
STIRL291,Solaris,Testing,Ireland,291
SSFRA105,Solaris,Staging,France,105
STESP221,Solaris,Testing,Spain,221
LTIRL389,Linux,Testing,Ireland,389
STIRL025,Solaris,Testing,Ireland,25
SPGER022,Solaris,Production,Germany,22
SPFRA013,Solaris,Production,France,13
ATNOR881,AIX,Testing,Norway,881
ASITA398,AIX,Staging,Italy,398
LTIRL079,Linux,Testing,Ireland,79
LIESP690,Linux,Integration,Spain,690
LSFRA083,Linux,Staging,France,83
LPGER972,Linux,Production,Germany,972
ADESP636,AIX,Development,Spain,636
HTGER114,HP-UX,Testing,Germany,114
SDGER369,Solaris,Development,Germany,369
HPIRL535,HP-UX,Production,Ireland,535
HDGER430,HP-UX,Development,Germany,430
APIRL292,AIX,Production,Ireland,292
LSIRL914,Linux,Staging,Ireland,914
SSESP910,Solaris,Staging,Spain,910
LPGER453,Linux,Production,Germany,453
LTESP733,Linux,Testing,Spain,733
LDIRL098,Linux,Development,Ireland,98
LTGER332,Linux,Testing,Germany,332
LDESP443,Linux,Development,Spain,443
STGER104,Solaris,Testing,Germany,104
LPITA311,Linux,Production,Italy,311
HSGER112,HP-UX,Staging,Germany,112
ATIRL997,AIX,Testing,Ireland,997
LTIRL722,Linux,Testing,Ireland,722
SPFRA923,Solaris,Production,France,923
APGER330,AIX,Production,Germany,330
LIIRL384,Linux,Integration,Ireland,384
LTGER982,Linux,Testing,Germany,982
SSGER565,Solaris,Staging,Germany,565
SDGER248,Solaris,Development,Germany,248
STIRL898,Solaris,Testing,Ireland,898
ASFRA841,AIX,Staging,France,841
SIIRL360,Solaris,Integration,Ireland,360
LTGER607,Linux,Testing,Germany,607
LDFRA940,Linux,Development,France,940
LSGER247,Linux,Staging,Germany,247
LPGER965,Linux,Production,Germany,965
SSFRA053,Solaris,Staging,France,53
AIIRL584,AIX,Integration,Ireland,584
LTITA589,Linux,Testing,Italy,589
LTFRA848,Linux,Testing,France,848
APNOR123,AIX,Production,Norway,123
LPGER424,Linux,Production,Germany,424
SPIRL721,Solaris,Production,Ireland,721
ATESP677,AIX,Testing,Spain,677
APIRL342,AIX,Production,Ireland,342
ATIRL259,AIX,Testing,Ireland,259
LTNOR283,Linux,Testing,Norway,283
ADITA697,AIX,Development,Italy,697
APGER455,AIX,Production,Germany,455
SPESP935,Solaris,Production,Spain,935
SSGER148,Solaris,Staging,Germany,148
ATITA221,AIX,Testing,Italy,221
LPITA622,Linux,Production,Italy,622
LPITA768,Linux,Production,Italy,768
SPIRL902,Solaris,Production,Ireland,902
SSIRL145,Solaris,Staging,Ireland,145
ADITA605,AIX,Development,Italy,605
STIRL753,Solaris,Testing,Ireland,753
LPGER759,Linux,Production,Germany,759
ATIRL270,AIX,Testing,Ireland,270
HTGER539,HP-UX,Testing,Germany,539
LPIRL962,Linux,Production,Ireland,962
ATESP285,AIX,Testing,Spain,285
SPESP756,Solaris,Production,Spain,756
STITA010,Solaris,Testing,Italy,10
APGER622,AIX,Production,Germany,622
SSESP822,Solaris,Staging,Spain,822
LPNOR622,Linux,Production,Norway,622
SPNOR783,Solaris,Production,Norway,783
SPESP591,Solaris,Production,Spain,591
APGER162,AIX,Production,Germany,162
ATIRL332,AIX,Testing,Ireland,332
STESP153,Solaris,Testing,Spain,153
ADESP488,AIX,Development,Spain,488
LIGER108,Linux,Integration,Germany,108
LPFRA247,Linux,Production,France,247
SIESP675,Solaris,Integration,Spain,675
ASGER159,AIX,Staging,Germany,159
LDGER136,Linux,Development,Germany,136
LPGER021,Linux,Production,Germany,21
LPESP542,Linux,Production,Spain,542
LPIRL791,Linux,Production,Ireland,791
LPGER288,Linux,Production,Germany,288
LTESP579,Linux,Testing,Spain,579
APESP210,AIX,Production,Spain,210
LIIRL167,Linux,Integration,Ireland,167
LDGER674,Linux,Development,Germany,674
ASGER349,AIX,Staging,Germany,349
ASIRL090,AIX,Staging,Ireland,90
LTIRL118,Linux,Testing,Ireland,118
SSIRL818,Solaris,Staging,Ireland,818
LDIRL707,Linux,Development,Ireland,707
LDESP230,Linux,Development,Spain,230
HPIRL371,HP-UX,Production,Ireland,371
APGER752,AIX,Production,Germany,752
HPESP598,HP-UX,Production,Spain,598
SIIRL992,Solaris,Integration,Ireland,992
LSIRL484,Linux,Staging,Ireland,484
LPESP234,Linux,Production,Spain,234
LSNOR133,Linux,Staging,Norway,133
ADESP025,AIX,Development,Spain,25
LTITA035,Linux,Testing,Italy,35
LPESP967,Linux,Production,Spain,967
LTGER276,Linux,Testing,Germany,276
LPNOR545,Linux,Production,Norway,545
SSIRL488,Solaris,Staging,Ireland,488
STESP289,Solaris,Testing,Spain,289
LSIRL335,Linux,Staging,Ireland,335
SPFRA183,Solaris,Production,France,183
APIRL038,AIX,Production,Ireland,38
SIITA461,Solaris,Integration,Italy,461
LSFRA818,Linux,Staging,France,818
ATITA714,AIX,Testing,Italy,714
SDITA149,Solaris,Development,Italy,149
STIRL464,Solaris,Testing,Ireland,464
LDIRL219,Linux,Development,Ireland,219
LTIRL245,Linux,Testing,Ireland,245
LPFRA552,Linux,Production,France,552
HPIRL497,HP-UX,Production,Ireland,497
ASITA054,AIX,Staging,Italy,54
LIGER776,Linux,Integration,Germany,776
LDGER398,Linux,Development,Germany,398
LTESP083,Linux,Testing,Spain,83
LPITA833,Linux,Production,Italy,833
LIITA064,Linux,Integration,Italy,64
STGER629,Solaris,Testing,Germany,629
ASESP366,AIX,Staging,Spain,366
LSIRL285,Linux,Staging,Ireland,285
ADESP045,AIX,Development,Spain,45
LIGER164,Linux,Integration,Germany,164
LTFRA098,Linux,Testing,France,98
APITA583,AIX,Production,Italy,583
LSESP756,Linux,Staging,Spain,756
SPITA431,Solaris,Production,Italy,431
HTITA369,HP-UX,Testing,Italy,369
ASGER173,AIX,Staging,Germany,173
SIESP614,Solaris,Integration,Spain,614
HPITA634,HP-UX,Production,Italy,634
SSITA824,Solaris,Staging,Italy,824
SPIRL779,Solaris,Production,Ireland,779
LSIRL855,Linux,Staging,Ireland,855
SIIRL591,Solaris,Integration,Ireland,591
HPITA319,HP-UX,Production,Italy,319
SIESP054,Solaris,Integration,Spain,54
SDESP671,Solaris,Development,Spain,671
SSNOR918,Solaris,Staging,Norway,918
ATIRL284,AIX,Testing,Ireland,284
SPFRA591,Solaris,Production,France,591
LSGER069,Linux,Staging,Germany,69
LDESP437,Linux,Development,Spain,437
APIRL018,AIX,Production,Ireland,18
APESP068,AIX,Production,Spain,68
APIRL004,AIX,Production,Ireland,4
LSGER267,Linux,Staging,Germany,267
LSITA180,Linux,Staging,Italy,180
LPGER836,Linux,Production,Germany,836
HSITA482,HP-UX,Staging,Italy,482
ASITA867,AIX,Staging,Italy,867
LPESP986,Linux,Production,Spain,986
LDITA492,Linux,Development,Italy,492
STITA619,Solaris,Testing,Italy,619
SDIRL432,Solaris,Development,Ireland,432
STESP364,Solaris,Testing,Spain,364
HPESP963,HP-UX,Production,Spain,963
SSIRL499,Solaris,Staging,Ireland,499
SPESP618,Solaris,Production,Spain,618
SPITA037,Solaris,Production,Italy,37
SDIRL090,Solaris,Development,Ireland,90
AIITA611,AIX,Integration,Italy,611
LSFRA136,Linux,Staging,France,136
SDITA040,Solaris,Development,Italy,40
LSITA895,Linux,Staging,Italy,895
SSITA551,Solaris,Staging,Italy,551
SSGER675,Solaris,Staging,Germany,675
LPIRL262,Linux,Production,Ireland,262
LDIRL675,Linux,Development,Ireland,675
SDESP312,Solaris,Development,Spain,312
APGER558,AIX,Production,Germany,558
STNOR023,Solaris,Testing,Norway,23
ASESP535,AIX,Staging,Spain,535
AIIRL672,AIX,Integration,Ireland,672
LDITA812,Linux,Development,Italy,812
HTGER444,HP-UX,Testing,Germany,444
LSESP271,Linux,Staging,Spain,271
ATITA054,AIX,Testing,Italy,54
ATITA461,AIX,Testing,Italy,461
LPGER287,Linux,Production,Germany,287
AIGER372,AIX,Integration,Germany,372
ASIRL319,AIX,Staging,Ireland,319
STIRL594,Solaris,Testing,Ireland,594
SSESP669,Solaris,Staging,Spain,669
SSITA683,Solaris,Staging,Italy,683
SPGER179,Solaris,Production,Germany,179
SPGER898,Solaris,Production,Germany,898
LTITA312,Linux,Testing,Italy,312
ADIRL891,AIX,Development,Ireland,891
SSIRL808,Solaris,Staging,Ireland,808
SPESP825,Solaris,Production,Spain,825
AIIRL897,AIX,Integration,Ireland,897
APIRL467,AIX,Production,Ireland,467
LPGER504,Linux,Production,Germany,504
STNOR194,Solaris,Testing,Norway,194
LPGER843,Linux,Production,Germany,843
HTESP974,HP-UX,Testing,Spain,974
ASESP621,AIX,Staging,Spain,621
SPGER102,Solaris,Production,Germany,102
LSIRL349,Linux,Staging,Ireland,349
HPIRL746,HP-UX,Production,Ireland,746
LPFRA210,Linux,Production,France,210
LTIRL705,Linux,Testing,Ireland,705
STGER201,Solaris,Testing,Germany,201
SSIRL701,Solaris,Staging,Ireland,701
SPFRA115,Solaris,Production,France,115
STIRL852,Solaris,Testing,Ireland,852
SDITA373,Solaris,Development,Italy,373
HTGER905,HP-UX,Testing,Germany,905
ADESP993,AIX,Development,Spain,993
ATIRL424,AIX,Testing,Ireland,424
STNOR245,Solaris,Testing,Norway,245
LTITA841,Linux,Testing,Italy,841
LTGER733,Linux,Testing,Germany,733
ADIRL328,AIX,Development,Ireland,328
LIESP689,Linux,Integration,Spain,689
HTIRL237,HP-UX,Testing,Ireland,237
STFRA774,Solaris,Testing,France,774
ASESP226,AIX,Staging,Spain,226
STITA274,Solaris,Testing,Italy,274
STESP237,Solaris,Testing,Spain,237
SSIRL305,Solaris,Staging,Ireland,305
HSESP093,HP-UX,Staging,Spain,93
SDGER581,Solaris,Development,Germany,581
LPITA459,Linux,Production,Italy,459
STIRL827,Solaris,Testing,Ireland,827
SPITA995,Solaris,Production,Italy,995
ADNOR899,AIX,Development,Norway,899
SIITA589,Solaris,Integration,Italy,589
LIESP827,Linux,Integration,Spain,827
SSNOR159,Solaris,Staging,Norway,159
LPFRA840,Linux,Production,France,840
LPGER221,Linux,Production,Germany,221
SPIRL307,Solaris,Production,Ireland,307
LIIRL546,Linux,Integration,Ireland,546
LTESP104,Linux,Testing,Spain,104
ADIRL583,AIX,Development,Ireland,583
LDNOR251,Linux,Development,Norway,251
HDIRL486,HP-UX,Development,Ireland,486
LTIRL251,Linux,Testing,Ireland,251
HPIRL809,HP-UX,Production,Ireland,809
SSIRL417,Solaris,Staging,Ireland,417
HSIRL845,HP-UX,Staging,Ireland,845
HPIRL084,HP-UX,Production,Ireland,84
SDITA053,Solaris,Development,Italy,53
HSIRL053,HP-UX,Staging,Ireland,53
SPIRL013,Solaris,Production,Ireland,13
APNOR233,AIX,Production,Norway,233
ADESP706,AIX,Development,Spain,706
ATGER564,AIX,Testing,Germany,564
ASNOR831,AIX,Staging,Norway,831
LIESP297,Linux,Integration,Spain,297
LPITA345,Linux,Production,Italy,345
LTGER729,Linux,Testing,Germany,729
LTIRL903,Linux,Testing,Ireland,903
STNOR378,Solaris,Testing,Norway,378
SPGER045,Solaris,Production,Germany,45
LDESP577,Linux,Development,Spain,577
HSESP787,HP-UX,Staging,Spain,787
HPGER833,HP-UX,Production,Germany,833
ATNOR894,AIX,Testing,Norway,894
ATGER993,AIX,Testing,Germany,993
SIGER460,Solaris,Integration,Germany,460
LSITA575,Linux,Staging,Italy,575
STITA364,Solaris,Testing,Italy,364
LPESP882,Linux,Production,Spain,882
SSIRL906,Solaris,Staging,Ireland,906
SIGER818,Solaris,Integration,Germany,818
SPIRL539,Solaris,Production,Ireland,539
HPGER011,HP-UX,Production,Germany,11
ATIRL584,AIX,Testing,Ireland,584
LSGER991,Linux,Staging,Germany,991
HPIRL613,HP-UX,Production,Ireland,613
LDIRL329,Linux,Development,Ireland,329
LSIRL815,Linux,Staging,Ireland,815
APESP338,AIX,Production,Spain,338
ASNOR580,AIX,Staging,Norway,580
LSFRA627,Linux,Staging,France,627
LPITA495,Linux,Production,Italy,495
LSFRA050,Linux,Staging,France,50
LTNOR131,Linux,Testing,Norway,131
HTGER875,HP-UX,Testing,Germany,875
LPITA859,Linux,Production,Italy,859
ATGER663,AIX,Testing,Germany,663
LDGER226,Linux,Development,Germany,226
LPFRA027,Linux,Production,France,27
LTESP362,Linux,Testing,Spain,362
STIRL986,Solaris,Testing,Ireland,986
SSFRA173,Solaris,Staging,France,173
STGER783,Solaris,Testing,Germany,783
SPITA897,Solaris,Production,Italy,897
ADFRA153,AIX,Development,France,153
LINOR722,Linux,Integration,Norway,722
HPIRL587,HP-UX,Production,Ireland,587
ASGER161,AIX,Staging,Germany,161
APFRA122,AIX,Production,France,122
LSIRL985,Linux,Staging,Ireland,985
LSGER212,Linux,Staging,Germany,212
SIGER676,Solaris,Integration,Germany,676
SPIRL709,Solaris,Production,Ireland,709
SDIRL352,Solaris,Development,Ireland,352
LSITA569,Linux,Staging,Italy,569
AIIRL153,AIX,Integration,Ireland,153
ASIRL621,AIX,Staging,Ireland,621
ATFRA619,AIX,Testing,France,619
SPIRL495,Solaris,Production,Ireland,495
LSITA942,Linux,Staging,Italy,942
LSITA945,Linux,Staging,Italy,945
LSNOR351,Linux,Staging,Norway,351
ATGER785,AIX,Testing,Germany,785
STGER363,Solaris,Testing,Germany,363
LTGER245,Linux,Testing,Germany,245
HPNOR487,HP-UX,Production,Norway,487
ATESP030,AIX,Testing,Spain,30
LIGER582,Linux,Integration,Germany,582
SSGER881,Solaris,Staging,Germany,881
ASGER018,AIX,Staging,Germany,18
STESP781,Solaris,Testing,Spain,781
SSGER362,Solaris,Staging,Germany,362
SINOR347,Solaris,Integration,Norway,347
LTNOR596,Linux,Testing,Norway,596
ASFRA265,AIX,Staging,France,265
ADIRL213,AIX,Development,Ireland,213
LSITA315,Linux,Staging,Italy,315
SSIRL756,Solaris,Staging,Ireland,756
LPIRL912,Linux,Production,Ireland,912
ASITA164,AIX,Staging,Italy,164
SDESP425,Solaris,Development,Spain,425
SDGER230,Solaris,Development,Germany,230
LSGER032,Linux,Staging,Germany,32
SSGER296,Solaris,Staging,Germany,296
ASITA575,AIX,Staging,Italy,575
LIIRL575,Linux,Integration,Ireland,575
STFRA151,Solaris,Testing,France,151
SSESP277,Solaris,Staging,Spain,277
HIFRA133,HP-UX,Integration,France,133
LTFRA069,Linux,Testing,France,69
LTIRL645,Linux,Testing,Ireland,645
LTGER072,Linux,Testing,Germany,72
SPIRL942,Solaris,Production,Ireland,942
LTNOR428,Linux,Testing,Norway,428
STESP804,Solaris,Testing,Spain,804
LPITA011,Linux,Production,Italy,11
LTGER318,Linux,Testing,Germany,318
ASIRL692,AIX,Staging,Ireland,692
STGER045,Solaris,Testing,Germany,45
APFRA341,AIX,Production,France,341
SSGER277,Solaris,Staging,Germany,277
ADFRA360,AIX,Development,France,360
STIRL801,Solaris,Testing,Ireland,801
LIFRA074,Linux,Integration,France,74
LTESP086,Linux,Testing,Spain,86
LSESP900,Linux,Staging,Spain,900
STFRA450,Solaris,Testing,France,450
APIRL758,AIX,Production,Ireland,758
SSGER718,Solaris,Staging,Germany,718
LPESP041,Linux,Production,Spain,41
SSESP559,Solaris,Staging,Spain,559
SPGER032,Solaris,Production,Germany,32
HPIRL746,HP-UX,Production,Ireland,746
SPIRL013,Solaris,Production,Ireland,13
LTIRL676,Linux,Testing,Ireland,676
SSGER446,Solaris,Staging,Germany,446
LTFRA550,Linux,Testing,France,550
LTGER923,Linux,Testing,Germany,923
SPNOR307,Solaris,Production,Norway,307
ASESP039,AIX,Staging,Spain,39
HPGER422,HP-UX,Production,Germany,422
SPIRL055,Solaris,Production,Ireland,55
LPIRL101,Linux,Production,Ireland,101
LPESP509,Linux,Production,Spain,509
LPGER344,Linux,Production,Germany,344
LPIRL010,Linux,Production,Ireland,10
LPIRL309,Linux,Production,Ireland,309
SSGER236,Solaris,Staging,Germany,236
SDIRL598,Solaris,Development,Ireland,598
LSITA283,Linux,Staging,Italy,283
ATIRL431,AIX,Testing,Ireland,431
LIFRA028,Linux,Integration,France,28
ATNOR479,AIX,Testing,Norway,479
LINOR707,Linux,Integration,Norway,707
AIFRA830,AIX,Integration,France,830
SIFRA278,Solaris,Integration,France,278
SIIRL200,Solaris,Integration,Ireland,200
SPITA918,Solaris,Production,Italy,918
LIFRA197,Linux,Integration,France,197
ATITA886,AIX,Testing,Italy,886
SDGER488,Solaris,Development,Germany,488
SPITA134,Solaris,Production,Italy,134
SSITA761,Solaris,Staging,Italy,761
LTNOR141,Linux,Testing,Norway,141
LSFRA339,Linux,Staging,France,339
LSESP547,Linux,Staging,Spain,547
SPESP127,Solaris,Production,Spain,127
SPITA891,Solaris,Production,Italy,891
LIITA809,Linux,Integration,Italy,809
HPITA564,HP-UX,Production,Italy,564
LTIRL086,Linux,Testing,Ireland,86
SPIRL539,Solaris,Production,Ireland,539
ASIRL555,AIX,Staging,Ireland,555
ASFRA676,AIX,Staging,France,676
HSESP325,HP-UX,Staging,Spain,325
SSIRL681,Solaris,Staging,Ireland,681
STESP502,Solaris,Testing,Spain,502
LSESP578,Linux,Staging,Spain,578
LPGER366,Linux,Production,Germany,366
LIIRL085,Linux,Integration,Ireland,85
LTGER113,Linux,Testing,Germany,113
LPIRL141,Linux,Production,Ireland,141
STGER153,Solaris,Testing,Germany,153
SIIRL706,Solaris,Integration,Ireland,706
LPGER531,Linux,Production,Germany,531
SPGER737,Solaris,Production,Germany,737
SDIRL256,Solaris,Development,Ireland,256
SDGER419,Solaris,Development,Germany,419
STIRL559,Solaris,Testing,Ireland,559
SPESP163,Solaris,Production,Spain,163
APIRL003,AIX,Production,Ireland,3
AIIRL429,AIX,Integration,Ireland,429
LSGER202,Linux,Staging,Germany,202
APIRL503,AIX,Production,Ireland,503
LDESP707,Linux,Development,Spain,707
LTIRL425,Linux,Testing,Ireland,425
ASITA987,AIX,Staging,Italy,987
ATFRA667,AIX,Testing,France,667
APFRA247,AIX,Production,France,247
LTESP118,Linux,Testing,Spain,118
LSIRL190,Linux,Staging,Ireland,190
STESP575,Solaris,Testing,Spain,575
SSFRA934,Solaris,Staging,France,934
ATIRL450,AIX,Testing,Ireland,450
HSITA096,HP-UX,Staging,Italy,96
ATIRL547,AIX,Testing,Ireland,547
LTESP735,Linux,Testing,Spain,735
ASITA202,AIX,Staging,Italy,202
LIITA736,Linux,Integration,Italy,736
LSITA921,Linux,Staging,Italy,921
LSESP688,Linux,Staging,Spain,688
SIIRL833,Solaris,Integration,Ireland,833
LPITA042,Linux,Production,Italy,42
LDGER670,Linux,Development,Germany,670
LSGER172,Linux,Staging,Germany,172
SDITA702,Solaris,Development,Italy,702
STITA192,Solaris,Testing,Italy,192
SPITA570,Solaris,Production,Italy,570
SPNOR362,Solaris,Production,Norway,362
LSFRA310,Linux,Staging,France,310
LTESP082,Linux,Testing,Spain,82
ATFRA896,AIX,Testing,France,896
LPFRA061,Linux,Production,France,61
ATESP039,AIX,Testing,Spain,39
SPITA438,Solaris,Production,Italy,438
LDIRL043,Linux,Development,Ireland,43
SPNOR587,Solaris,Production,Norway,587
LTITA978,Linux,Testing,Italy,978
STIRL211,Solaris,Testing,Ireland,211
LPITA969,Linux,Production,Italy,969
LTGER183,Linux,Testing,Germany,183
STITA879,Solaris,Testing,Italy,879
ASFRA108,AIX,Staging,France,108
STIRL648,Solaris,Testing,Ireland,648
ADIRL523,AIX,Development,Ireland,523
LTESP349,Linux,Testing,Spain,349
LDIRL850,Linux,Development,Ireland,850
APIRL431,AIX,Production,Ireland,431
LSESP226,Linux,Staging,Spain,226
STITA977,Solaris,Testing,Italy,977
HSIRL166,HP-UX,Staging,Ireland,166
APIRL286,AIX,Production,Ireland,286
SPIRL134,Solaris,Production,Ireland,134
APGER735,AIX,Production,Germany,735
HSESP860,HP-UX,Staging,Spain,860
APGER589,AIX,Production,Germany,589
APIRL721,AIX,Production,Ireland,721
LTGER029,Linux,Testing,Germany,29
LIITA205,Linux,Integration,Italy,205
APNOR172,AIX,Production,Norway,172
SPITA524,Solaris,Production,Italy,524
APFRA256,AIX,Production,France,256
LPITA444,Linux,Production,Italy,444
HSGER855,HP-UX,Staging,Germany,855
LSITA077,Linux,Staging,Italy,77
LDFRA777,Linux,Development,France,777
ATGER151,AIX,Testing,Germany,151
APITA320,AIX,Production,Italy,320
LSNOR238,Linux,Staging,Norway,238
LPIRL778,Linux,Production,Ireland,778
APIRL558,AIX,Production,Ireland,558
APIRL008,AIX,Production,Ireland,8
SSITA864,Solaris,Staging,Italy,864
ATIRL770,AIX,Testing,Ireland,770
SIFRA779,Solaris,Integration,France,779
LPITA791,Linux,Production,Italy,791
SDIRL432,Solaris,Development,Ireland,432
LDIRL799,Linux,Development,Ireland,799
LPIRL444,Linux,Production,Ireland,444
LPIRL230,Linux,Production,Ireland,230
LTIRL164,Linux,Testing,Ireland,164
HSIRL357,HP-UX,Staging,Ireland,357
ASGER753,AIX,Staging,Germany,753
LSESP554,Linux,Staging,Spain,554
LIESP683,Linux,Integration,Spain,683
APGER914,AIX,Production,Germany,914
LSITA531,Linux,Staging,Italy,531
LSIRL053,Linux,Staging,Ireland,53
LSGER624,Linux,Staging,Germany,624
APIRL243,AIX,Production,Ireland,243
LIGER757,Linux,Integration,Germany,757
SSIRL537,Solaris,Staging,Ireland,537
ADIRL564,AIX,Development,Ireland,564
LTITA391,Linux,Testing,Italy,391
LTIRL554,Linux,Testing,Ireland,554
SSGER953,Solaris,Staging,Germany,953
LTESP392,Linux,Testing,Spain,392
LDIRL537,Linux,Development,Ireland,537
HPIRL016,HP-UX,Production,Ireland,16
STESP434,Solaris,Testing,Spain,434
SSGER756,Solaris,Staging,Germany,756
LPGER945,Linux,Production,Germany,945
SIFRA930,Solaris,Integration,France,930
SPITA761,Solaris,Production,Italy,761
LTIRL121,Linux,Testing,Ireland,121
LPIRL523,Linux,Production,Ireland,523
SPFRA412,Solaris,Production,France,412
SPESP643,Solaris,Production,Spain,643
LDESP220,Linux,Development,Spain,220
ATIRL604,AIX,Testing,Ireland,604
APIRL880,AIX,Production,Ireland,880
STGER151,Solaris,Testing,Germany,151
LDESP485,Linux,Development,Spain,485
LTFRA925,Linux,Testing,France,925
STESP815,Solaris,Testing,Spain,815
LSITA908,Linux,Staging,Italy,908
ADIRL180,AIX,Development,Ireland,180
SPFRA312,Solaris,Production,France,312
LTIRL158,Linux,Testing,Ireland,158
LSIRL222,Linux,Staging,Ireland,222
STGER462,Solaris,Testing,Germany,462
STESP764,Solaris,Testing,Spain,764
LPIRL627,Linux,Production,Ireland,627
STNOR025,Solaris,Testing,Norway,25
LSESP728,Linux,Staging,Spain,728
APFRA221,AIX,Production,France,221
LSFRA742,Linux,Staging,France,742
LPFRA796,Linux,Production,France,796
LSIRL955,Linux,Staging,Ireland,955
STFRA214,Solaris,Testing,France,214
LPESP811,Linux,Production,Spain,811
LTGER709,Linux,Testing,Germany,709
LPIRL822,Linux,Production,Ireland,822
LTITA496,Linux,Testing,Italy,496
LPITA686,Linux,Production,Italy,686
LPGER100,Linux,Production,Germany,100
STESP437,Solaris,Testing,Spain,437
SSGER001,Solaris,Staging,Germany,1
LIIRL802,Linux,Integration,Ireland,802
LSNOR816,Linux,Staging,Norway,816
STFRA390,Solaris,Testing,France,390
LIIRL019,Linux,Integration,Ireland,19
SSNOR860,Solaris,Staging,Norway,860
ATITA118,AIX,Testing,Italy,118
SPIRL934,Solaris,Production,Ireland,934
HPITA014,HP-UX,Production,Italy,14
LDGER380,Linux,Development,Germany,380
LSITA549,Linux,Staging,Italy,549
SSITA316,Solaris,Staging,Italy,316
LPITA995,Linux,Production,Italy,995
LSIRL437,Linux,Staging,Ireland,437
LPIRL578,Linux,Production,Ireland,578
ATGER377,AIX,Testing,Germany,377
HSFRA710,HP-UX,Staging,France,710
SIITA752,Solaris,Integration,Italy,752
LDNOR608,Linux,Development,Norway,608
ASGER941,AIX,Staging,Germany,941
LPESP498,Linux,Production,Spain,498
APFRA910,AIX,Production,France,910
SPIRL365,Solaris,Production,Ireland,365
SPGER260,Solaris,Production,Germany,260
LIITA572,Linux,Integration,Italy,572
SDIRL562,Solaris,Development,Ireland,562
SIESP630,Solaris,Integration,Spain,630
ATITA360,AIX,Testing,Italy,360
SIGER349,Solaris,Integration,Germany,349
STGER428,Solaris,Testing,Germany,428
ADITA570,AIX,Development,Italy,570
SSIRL717,Solaris,Staging,Ireland,717
LPIRL598,Linux,Production,Ireland,598
LTIRL580,Linux,Testing,Ireland,580
ATESP979,AIX,Testing,Spain,979
LTGER647,Linux,Testing,Germany,647
HSITA350,HP-UX,Staging,Italy,350
SPFRA475,Solaris,Production,France,475
STESP619,Solaris,Testing,Spain,619
ATNOR443,AIX,Testing,Norway,443
ATIRL383,AIX,Testing,Ireland,383
SPNOR672,Solaris,Production,Norway,672
APESP659,AIX,Production,Spain,659
LDGER160,Linux,Development,Germany,160
HPFRA496,HP-UX,Production,France,496
HSITA883,HP-UX,Staging,Italy,883
STGER761,Solaris,Testing,Germany,761
SSESP584,Solaris,Staging,Spain,584
STGER180,Solaris,Testing,Germany,180
LTIRL049,Linux,Testing,Ireland,49
LDESP999,Linux,Development,Spain,999
SPFRA996,Solaris,Production,France,996
HTITA441,HP-UX,Testing,Italy,441
SPITA142,Solaris,Production,Italy,142
HIIRL507,HP-UX,Integration,Ireland,507
HTGER732,HP-UX,Testing,Germany,732
LSIRL355,Linux,Staging,Ireland,355
SPESP326,Solaris,Production,Spain,326
ATGER887,AIX,Testing,Germany,887
SSGER903,Solaris,Staging,Germany,903
APIRL536,AIX,Production,Ireland,536
ATESP735,AIX,Testing,Spain,735
LTIRL055,Linux,Testing,Ireland,55
LPITA094,Linux,Production,Italy,94
LTITA863,Linux,Testing,Italy,863
ATESP237,AIX,Testing,Spain,237
AIESP687,AIX,Integration,Spain,687
SPIRL694,Solaris,Production,Ireland,694
LPIRL721,Linux,Production,Ireland,721
LPITA269,Linux,Production,Italy,269
ATIRL584,AIX,Testing,Ireland,584
SPITA068,Solaris,Production,Italy,68
AIITA366,AIX,Integration,Italy,366
SDGER567,Solaris,Development,Germany,567
LSESP961,Linux,Staging,Spain,961
SPFRA907,Solaris,Production,France,907
LTITA997,Linux,Testing,Italy,997
ASITA152,AIX,Staging,Italy,152
SPIRL117,Solaris,Production,Ireland,117
SSGER157,Solaris,Staging,Germany,157
ATITA597,AIX,Testing,Italy,597
LSESP551,Linux,Staging,Spain,551
LDIRL707,Linux,Development,Ireland,707
APGER709,AIX,Production,Germany,709
LSESP266,Linux,Staging,Spain,266
ATGER271,AIX,Testing,Germany,271
APIRL353,AIX,Production,Ireland,353
HDGER918,HP-UX,Development,Germany,918
LPIRL602,Linux,Production,Ireland,602
LDESP084,Linux,Development,Spain,84
STESP709,Solaris,Testing,Spain,709
ATESP111,AIX,Testing,Spain,111
SSGER839,Solaris,Staging,Germany,839
HSIRL967,HP-UX,Staging,Ireland,967
LSIRL975,Linux,Staging,Ireland,975
SSGER055,Solaris,Staging,Germany,55
SSESP373,Solaris,Staging,Spain,373
APESP282,AIX,Production,Spain,282
ASESP020,AIX,Staging,Spain,20
HTESP745,HP-UX,Testing,Spain,745
SSGER240,Solaris,Staging,Germany,240
LSGER270,Linux,Staging,Germany,270
HPIRL592,HP-UX,Production,Ireland,592
APITA520,AIX,Production,Italy,520
SSITA867,Solaris,Staging,Italy,867
ASIRL324,AIX,Staging,Ireland,324
ASESP355,AIX,Staging,Spain,355
LPIRL358,Linux,Production,Ireland,358
AIIRL139,AIX,Integration,Ireland,139
LIITA687,Linux,Integration,Italy,687
LTIRL551,Linux,Testing,Ireland,551
STIRL920,Solaris,Testing,Ireland,920
LTGER295,Linux,Testing,Germany,295
LPITA521,Linux,Production,Italy,521
SSIRL141,Solaris,Staging,Ireland,141
SSGER504,Solaris,Staging,Germany,504
SIGER549,Solaris,Integration,Germany,549
STIRL534,Solaris,Testing,Ireland,534
SPESP686,Solaris,Production,Spain,686
ATNOR751,AIX,Testing,Norway,751
HPIRL709,HP-UX,Production,Ireland,709
SINOR979,Solaris,Integration,Norway,979
LSNOR038,Linux,Staging,Norway,38
LSITA561,Linux,Staging,Italy,561
AIIRL077,AIX,Integration,Ireland,77
SPITA406,Solaris,Production,Italy,406
LTITA745,Linux,Testing,Italy,745
LSGER707,Linux,Staging,Germany,707
LPITA874,Linux,Production,Italy,874
LDIRL730,Linux,Development,Ireland,730
SDGER137,Solaris,Development,Germany,137
ASGER653,AIX,Staging,Germany,653
LSIRL706,Linux,Staging,Ireland,706
SSESP419,Solaris,Staging,Spain,419
APFRA823,AIX,Production,France,823
LTESP097,Linux,Testing,Spain,97
HPGER965,HP-UX,Production,Germany,965
STIRL887,Solaris,Testing,Ireland,887
LPGER438,Linux,Production,Germany,438
SIESP229,Solaris,Integration,Spain,229
STESP018,Solaris,Testing,Spain,18
APESP795,AIX,Production,Spain,795
ASIRL763,AIX,Staging,Ireland,763
LPIRL672,Linux,Production,Ireland,672
SPGER773,Solaris,Production,Germany,773
SDNOR953,Solaris,Development,Norway,953
ATGER184,AIX,Testing,Germany,184
SIIRL925,Solaris,Integration,Ireland,925
LTIRL381,Linux,Testing,Ireland,381
AIGER152,AIX,Integration,Germany,152
ATFRA144,AIX,Testing,France,144
SPGER759,Solaris,Production,Germany,759
LPIRL737,Linux,Production,Ireland,737
LDIRL693,Linux,Development,Ireland,693
LTITA795,Linux,Testing,Italy,795
SPIRL770,Solaris,Production,Ireland,770
LSGER204,Linux,Staging,Germany,204
LTFRA153,Linux,Testing,France,153
SIIRL077,Solaris,Integration,Ireland,77
LPITA973,Linux,Production,Italy,973
LDIRL635,Linux,Development,Ireland,635
HPGER168,HP-UX,Production,Germany,168
LTNOR234,Linux,Testing,Norway,234
LSGER685,Linux,Staging,Germany,685
APIRL237,AIX,Production,Ireland,237
LIIRL471,Linux,Integration,Ireland,471
HSIRL025,HP-UX,Staging,Ireland,25
SIGER373,Solaris,Integration,Germany,373
LPGER180,Linux,Production,Germany,180
STESP298,Solaris,Testing,Spain,298
SPGER457,Solaris,Production,Germany,457
SPITA978,Solaris,Production,Italy,978
HPFRA862,HP-UX,Production,France,862
HSGER415,HP-UX,Staging,Germany,415
ATFRA502,AIX,Testing,France,502
SPGER856,Solaris,Production,Germany,856
LDIRL477,Linux,Development,Ireland,477
HSESP648,HP-UX,Staging,Spain,648
SDIRL042,Solaris,Development,Ireland,42
LDESP921,Linux,Development,Spain,921
SPITA190,Solaris,Production,Italy,190
SSESP838,Solaris,Staging,Spain,838
STIRL130,Solaris,Testing,Ireland,130
STITA039,Solaris,Testing,Italy,39
LPIRL968,Linux,Production,Ireland,968
SIITA292,Solaris,Integration,Italy,292
HPGER741,HP-UX,Production,Germany,741
ATFRA458,AIX,Testing,France,458
SSGER795,Solaris,Staging,Germany,795
SSFRA587,Solaris,Staging,France,587
SPGER466,Solaris,Production,Germany,466
ASNOR352,AIX,Staging,Norway,352
HTGER767,HP-UX,Testing,Germany,767
LDIRL992,Linux,Development,Ireland,992
LTESP484,Linux,Testing,Spain,484
AIIRL118,AIX,Integration,Ireland,118
LDNOR641,Linux,Development,Norway,641
SDGER851,Solaris,Development,Germany,851
SDIRL531,Solaris,Development,Ireland,531
ATGER824,AIX,Testing,Germany,824
SPITA321,Solaris,Production,Italy,321
HTGER386,HP-UX,Testing,Germany,386
HSESP199,HP-UX,Staging,Spain,199
SSITA621,Solaris,Staging,Italy,621
LIIRL629,Linux,Integration,Ireland,629
APFRA275,AIX,Production,France,275
LTITA933,Linux,Testing,Italy,933
SPITA270,Solaris,Production,Italy,270
SSIRL162,Solaris,Staging,Ireland,162
LTNOR388,Linux,Testing,Norway,388
SPITA021,Solaris,Production,Italy,21
LSGER731,Linux,Staging,Germany,731
LSITA376,Linux,Staging,Italy,376
APIRL721,AIX,Production,Ireland,721
ASGER697,AIX,Staging,Germany,697
LSESP102,Linux,Staging,Spain,102
SIGER298,Solaris,Integration,Germany,298
LPESP703,Linux,Production,Spain,703
SSGER487,Solaris,Staging,Germany,487
HTGER781,HP-UX,Testing,Germany,781
SPIRL782,Solaris,Production,Ireland,782
ADESP630,AIX,Development,Spain,630
LTITA157,Linux,Testing,Italy,157
HSIRL139,HP-UX,Staging,Ireland,139
SIGER859,Solaris,Integration,Germany,859
SPIRL546,Solaris,Production,Ireland,546
LPGER620,Linux,Production,Germany,620
SSIRL679,Solaris,Staging,Ireland,679
APGER081,AIX,Production,Germany,81
LTFRA654,Linux,Testing,France,654
HDIRL895,HP-UX,Development,Ireland,895
LDIRL805,Linux,Development,Ireland,805
LSGER318,Linux,Staging,Germany,318
LSGER193,Linux,Staging,Germany,193
LSFRA054,Linux,Staging,France,54
LDIRL352,Linux,Development,Ireland,352
HPIRL769,HP-UX,Production,Ireland,769
LSIRL905,Linux,Staging,Ireland,905
SSITA340,Solaris,Staging,Italy,340
ADESP632,AIX,Development,Spain,632
LPITA482,Linux,Production,Italy,482
STGER827,Solaris,Testing,Germany,827
SSFRA354,Solaris,Staging,France,354
ATGER563,AIX,Testing,Germany,563
SIITA593,Solaris,Integration,Italy,593
SPESP595,Solaris,Production,Spain,595
LINOR089,Linux,Integration,Norway,89
ATITA850,AIX,Testing,Italy,850
LTITA564,Linux,Testing,Italy,564
LINOR152,Linux,Integration,Norway,152
SIITA277,Solaris,Integration,Italy,277
LIIRL292,Linux,Integration,Ireland,292
LIITA051,Linux,Integration,Italy,51
STNOR854,Solaris,Testing,Norway,854
ATESP445,AIX,Testing,Spain,445
APFRA499,AIX,Production,France,499
ASGER694,AIX,Staging,Germany,694
APITA847,AIX,Production,Italy,847
LTGER495,Linux,Testing,Germany,495
SSITA286,Solaris,Staging,Italy,286
APIRL228,AIX,Production,Ireland,228
SPIRL679,Solaris,Production,Ireland,679
STIRL720,Solaris,Testing,Ireland,720
APIRL585,AIX,Production,Ireland,585
ATGER041,AIX,Testing,Germany,41
LPFRA010,Linux,Production,France,10
AIIRL134,AIX,Integration,Ireland,134
LTITA576,Linux,Testing,Italy,576
LSIRL679,Linux,Staging,Ireland,679
SPITA965,Solaris,Production,Italy,965
SPIRL090,Solaris,Production,Ireland,90
ADITA434,AIX,Development,Italy,434
SINOR292,Solaris,Integration,Norway,292
STESP959,Solaris,Testing,Spain,959
SDFRA946,Solaris,Development,France,946
SSFRA331,Solaris,Staging,France,331
LTESP156,Linux,Testing,Spain,156
LPIRL811,Linux,Production,Ireland,811
SPFRA979,Solaris,Production,France,979
STIRL835,Solaris,Testing,Ireland,835
STFRA358,Solaris,Testing,France,358
STIRL170,Solaris,Testing,Ireland,170
STIRL082,Solaris,Testing,Ireland,82
APITA172,AIX,Production,Italy,172
SIFRA251,Solaris,Integration,France,251
LTIRL944,Linux,Testing,Ireland,944
LSIRL105,Linux,Staging,Ireland,105
APITA560,AIX,Production,Italy,560
LPFRA311,Linux,Production,France,311
LTGER613,Linux,Testing,Germany,613
STIRL052,Solaris,Testing,Ireland,52
SPITA032,Solaris,Production,Italy,32
SIGER693,Solaris,Integration,Germany,693
SPGER329,Solaris,Production,Germany,329
LDESP647,Linux,Development,Spain,647
ASESP593,AIX,Staging,Spain,593
STGER183,Solaris,Testing,Germany,183
ATIRL568,AIX,Testing,Ireland,568
HDIRL269,HP-UX,Development,Ireland,269
ATESP289,AIX,Testing,Spain,289
ASIRL713,AIX,Staging,Ireland,713
HTIRL321,HP-UX,Testing,Ireland,321
LIFRA550,Linux,Integration,France,550
HPFRA412,HP-UX,Production,France,412
STFRA351,Solaris,Testing,France,351
SPGER567,Solaris,Production,Germany,567
SIITA761,Solaris,Integration,Italy,761
ADIRL653,AIX,Development,Ireland,653
LPIRL671,Linux,Production,Ireland,671
LTGER520,Linux,Testing,Germany,520
SSFRA174,Solaris,Staging,France,174
HSIRL911,HP-UX,Staging,Ireland,911
ATNOR039,AIX,Testing,Norway,39
LDFRA604,Linux,Development,France,604
SPFRA869,Solaris,Production,France,869
ADESP185,AIX,Development,Spain,185
STIRL267,Solaris,Testing,Ireland,267
LSIRL523,Linux,Staging,Ireland,523
LTIRL527,Linux,Testing,Ireland,527
HPFRA499,HP-UX,Production,France,499
HSFRA706,HP-UX,Staging,France,706
LPFRA687,Linux,Production,France,687
SPESP664,Solaris,Production,Spain,664
LSGER583,Linux,Staging,Germany,583
HPGER952,HP-UX,Production,Germany,952
ASIRL549,AIX,Staging,Ireland,549
LDIRL557,Linux,Development,Ireland,557
LPGER610,Linux,Production,Germany,610
LPFRA898,Linux,Production,France,898
LTESP132,Linux,Testing,Spain,132
LTESP106,Linux,Testing,Spain,106
ASIRL401,AIX,Staging,Ireland,401
LDGER174,Linux,Development,Germany,174
SSFRA701,Solaris,Staging,France,701
SPIRL530,Solaris,Production,Ireland,530
ASGER549,AIX,Staging,Germany,549
APIRL980,AIX,Production,Ireland,980
LTIRL261,Linux,Testing,Ireland,261
LSGER963,Linux,Staging,Germany,963
LDIRL067,Linux,Development,Ireland,67
APESP176,AIX,Production,Spain,176
HDESP796,HP-UX,Development,Spain,796
SSGER706,Solaris,Staging,Germany,706
LPIRL599,Linux,Production,Ireland,599
APIRL043,AIX,Production,Ireland,43
SPITA929,Solaris,Production,Italy,929
SPITA505,Solaris,Production,Italy,505
HINOR892,HP-UX,Integration,Norway,892
LTESP323,Linux,Testing,Spain,323
LTIRL345,Linux,Testing,Ireland,345
LSITA319,Linux,Staging,Italy,319
LSGER414,Linux,Staging,Germany,414
LPIRL684,Linux,Production,Ireland,684
SSIRL542,Solaris,Staging,Ireland,542
LTNOR798,Linux,Testing,Norway,798
SSESP025,Solaris,Staging,Spain,25
LIIRL562,Linux,Integration,Ireland,562
SPIRL714,Solaris,Production,Ireland,714
LTGER856,Linux,Testing,Germany,856
LIIRL032,Linux,Integration,Ireland,32
SPIRL620,Solaris,Production,Ireland,620
ASGER692,AIX,Staging,Germany,692
LTFRA299,Linux,Testing,France,299
SSGER414,Solaris,Staging,Germany,414
SPITA872,Solaris,Production,Italy,872
ATIRL622,AIX,Testing,Ireland,622
LPESP157,Linux,Production,Spain,157
ADESP355,AIX,Development,Spain,355
ATIRL618,AIX,Testing,Ireland,618
LTGER644,Linux,Testing,Germany,644
LSESP991,Linux,Staging,Spain,991
HPESP807,HP-UX,Production,Spain,807
SPITA861,Solaris,Production,Italy,861
SPGER267,Solaris,Production,Germany,267
APESP468,AIX,Production,Spain,468
ATGER812,AIX,Testing,Germany,812
SIFRA646,Solaris,Integration,France,646
SPIRL093,Solaris,Production,Ireland,93
LSIRL903,Linux,Staging,Ireland,903
LIFRA836,Linux,Integration,France,836
SPITA353,Solaris,Production,Italy,353
LTIRL420,Linux,Testing,Ireland,420
STFRA658,Solaris,Testing,France,658
LPIRL370,Linux,Production,Ireland,370
APITA996,AIX,Production,Italy,996
ATGER374,AIX,Testing,Germany,374
SSFRA084,Solaris,Staging,France,84
LDESP204,Linux,Development,Spain,204
LSESP499,Linux,Staging,Spain,499
LTFRA577,Linux,Testing,France,577
LPIRL558,Linux,Production,Ireland,558
ATESP549,AIX,Testing,Spain,549
LTGER083,Linux,Testing,Germany,83
LPNOR131,Linux,Production,Norway,131
ATGER407,AIX,Testing,Germany,407
SIIRL227,Solaris,Integration,Ireland,227
STESP639,Solaris,Testing,Spain,639
STESP060,Solaris,Testing,Spain,60
SIIRL269,Solaris,Integration,Ireland,269
LIGER486,Linux,Integration,Germany,486
ATGER093,AIX,Testing,Germany,93
SPIRL797,Solaris,Production,Ireland,797
HPIRL729,HP-UX,Production,Ireland,729
LPIRL834,Linux,Production,Ireland,834
SIIRL092,Solaris,Integration,Ireland,92
LTGER914,Linux,Testing,Germany,914
STESP144,Solaris,Testing,Spain,144
STESP608,Solaris,Testing,Spain,608
LTIRL169,Linux,Testing,Ireland,169
SIESP881,Solaris,Integration,Spain,881
SIIRL084,Solaris,Integration,Ireland,84
SSIRL410,Solaris,Staging,Ireland,410
HPITA895,HP-UX,Production,Italy,895
LSIRL525,Linux,Staging,Ireland,525
ATIRL442,AIX,Testing,Ireland,442
AIITA808,AIX,Integration,Italy,808
APGER946,AIX,Production,Germany,946
HIESP234,HP-UX,Integration,Spain,234
LSNOR152,Linux,Staging,Norway,152
APITA962,AIX,Production,Italy,962
SSIRL465,Solaris,Staging,Ireland,465
HPITA113,HP-UX,Production,Italy,113
SDIRL400,Solaris,Development,Ireland,400
LPGER999,Linux,Production,Germany,999
SSIRL246,Solaris,Staging,Ireland,246
SSIRL462,Solaris,Staging,Ireland,462
ASITA928,AIX,Staging,Italy,928
SPIRL479,Solaris,Production,Ireland,479
APNOR560,AIX,Production,Norway,560
LPNOR483,Linux,Production,Norway,483
ASITA548,AIX,Staging,Italy,548
STNOR520,Solaris,Testing,Norway,520
APGER970,AIX,Production,Germany,970
SSIRL071,Solaris,Staging,Ireland,71
LPGER495,Linux,Production,Germany,495
LPIRL206,Linux,Production,Ireland,206
LTIRL795,Linux,Testing,Ireland,795
LTGER828,Linux,Testing,Germany,828
SPESP687,Solaris,Production,Spain,687
ADGER922,AIX,Development,Germany,922
SPIRL254,Solaris,Production,Ireland,254
ASESP798,AIX,Staging,Spain,798
LSESP683,Linux,Staging,Spain,683
ADITA991,AIX,Development,Italy,991
LIIRL288,Linux,Integration,Ireland,288
LTIRL427,Linux,Testing,Ireland,427
LPGER958,Linux,Production,Germany,958
SSGER965,Solaris,Staging,Germany,965
STGER024,Solaris,Testing,Germany,24
LSIRL596,Linux,Staging,Ireland,596
ATFRA940,AIX,Testing,France,940
SSESP665,Solaris,Staging,Spain,665
STIRL750,Solaris,Testing,Ireland,750
LTIRL712,Linux,Testing,Ireland,712
LPIRL721,Linux,Production,Ireland,721
LPGER768,Linux,Production,Germany,768
LPESP597,Linux,Production,Spain,597
LTESP459,Linux,Testing,Spain,459
SDIRL169,Solaris,Development,Ireland,169
ADFRA332,AIX,Development,France,332
SSGER666,Solaris,Staging,Germany,666
LIIRL152,Linux,Integration,Ireland,152
HTIRL857,HP-UX,Testing,Ireland,857
ATGER693,AIX,Testing,Germany,693
SIIRL313,Solaris,Integration,Ireland,313
APESP393,AIX,Production,Spain,393
LDITA064,Linux,Development,Italy,64
LPIRL317,Linux,Production,Ireland,317
LPITA754,Linux,Production,Italy,754
SIGER572,Solaris,Integration,Germany,572
STITA950,Solaris,Testing,Italy,950
HSIRL468,HP-UX,Staging,Ireland,468
LPNOR235,Linux,Production,Norway,235
ASITA168,AIX,Staging,Italy,168
SDIRL342,Solaris,Development,Ireland,342
LSIRL647,Linux,Staging,Ireland,647
LTIRL383,Linux,Testing,Ireland,383
LSGER627,Linux,Staging,Germany,627
LPGER708,Linux,Production,Germany,708
APITA134,AIX,Production,Italy,134
SPGER321,Solaris,Production,Germany,321
SPGER024,Solaris,Production,Germany,24
SDGER976,Solaris,Development,Germany,976
LPIRL835,Linux,Production,Ireland,835
LSESP417,Linux,Staging,Spain,417
HIESP348,HP-UX,Integration,Spain,348
LPIRL782,Linux,Production,Ireland,782
ATIRL461,AIX,Testing,Ireland,461
APGER819,AIX,Production,Germany,819
SSESP298,Solaris,Staging,Spain,298
LIESP608,Linux,Integration,Spain,608
LDGER348,Linux,Development,Germany,348
HIIRL491,HP-UX,Integration,Ireland,491
AIIRL148,AIX,Integration,Ireland,148
ATIRL915,AIX,Testing,Ireland,915
LTESP907,Linux,Testing,Spain,907
LSITA438,Linux,Staging,Italy,438
SPGER191,Solaris,Production,Germany,191
APNOR815,AIX,Production,Norway,815
LIITA381,Linux,Integration,Italy,381
LPESP326,Linux,Production,Spain,326
HDIRL821,HP-UX,Development,Ireland,821
APIRL086,AIX,Production,Ireland,86
SSIRL478,Solaris,Staging,Ireland,478
APGER319,AIX,Production,Germany,319
STFRA270,Solaris,Testing,France,270
LSGER813,Linux,Staging,Germany,813
SPFRA563,Solaris,Production,France,563
SDIRL075,Solaris,Development,Ireland,75
LPITA419,Linux,Production,Italy,419
HTESP363,HP-UX,Testing,Spain,363
